Model,Accuracy,Precision,Recall,F1-Score,AUC
Logistic Regression,0.999,0.9974554707379135,0.9974554707379135,0.9974554707379135,0.9994917275089422
Random Forest,0.999,0.9974554707379135,0.9974554707379135,0.9974554707379135,0.9982598396645718
XGBoost,0.999,0.9974554707379135,0.9974554707379135,0.9974554707379135,0.9978434045706522
